algorithm,graph,iteration,vertex,score
Distribution,jdk,0,3469,4.931447857348502
Distribution,jdk,0,1813,5.238588890043559
Distribution,jdk,0,872,5.634367701674814
Distribution,jdk,0,842,5.902761816567514
Distribution,jdk,0,1046,6.713869209468364
Distribution,jdk,0,1034,6.713869209473449
Distribution,jdk,0,818,15.698060324227114
Distribution,jdk,0,854,26.853200477074235
Distribution,jdk,0,941,30.594880023358108
Distribution,jdk,0,914,50.902106871481514
